{
  "uid" : "b1a8273437954620fa374b796ffaacdd",
  "name" : "behaviors",
  "children" : [ {
    "name" : "hao123",
    "uid" : "2a4efad385c45a72",
    "parentUid" : "b1a8273437954620fa374b796ffaacdd",
    "status" : "passed",
    "time" : {
      "start" : 1671601901072,
      "stop" : 1671601906823,
      "duration" : 5751
    },
    "flaky" : false,
    "parameters" : [ ]
  }, {
    "name" : "新闻",
    "uid" : "a2b3dbce36ad34d5",
    "parentUid" : "b1a8273437954620fa374b796ffaacdd",
    "status" : "passed",
    "time" : {
      "start" : 1671601907149,
      "stop" : 1671601909599,
      "duration" : 2450
    },
    "flaky" : false,
    "parameters" : [ ]
  }, {
    "name" : "地图",
    "uid" : "71b8f912b20df68f",
    "parentUid" : "b1a8273437954620fa374b796ffaacdd",
    "status" : "passed",
    "time" : {
      "start" : 1671601909614,
      "stop" : 1671601910018,
      "duration" : 404
    },
    "flaky" : false,
    "parameters" : [ ]
  }, {
    "name" : "设置-搜索设置",
    "uid" : "92c03e5db3f61396",
    "parentUid" : "b1a8273437954620fa374b796ffaacdd",
    "status" : "passed",
    "time" : {
      "start" : 1671601910027,
      "stop" : 1671601910721,
      "duration" : 694
    },
    "flaky" : false,
    "parameters" : [ ]
  } ]
}