{
  "uid" : "83edc06c07f9ae9e47eb6dd1b683e4e2",
  "name" : "packages",
  "children" : [ {
    "name" : "com.test.api.testcase.UiAndintreF",
    "children" : [ {
      "name" : "BaiduWebSearchHaoTest",
      "children" : [ {
        "name" : "test_hao123",
        "uid" : "2a4efad385c45a72",
        "parentUid" : "da58dfed894f6abc7789532e1786a911",
        "status" : "passed",
        "time" : {
          "start" : 1671601901072,
          "stop" : 1671601906823,
          "duration" : 5751
        },
        "flaky" : false,
        "parameters" : [ ]
      } ],
      "uid" : "da58dfed894f6abc7789532e1786a911"
    }, {
      "name" : "BaiduWebNewsTest",
      "children" : [ {
        "name" : "test_news01",
        "uid" : "a2b3dbce36ad34d5",
        "parentUid" : "57b4a90b71c7fcc2f1745a3b7b83f5bc",
        "status" : "passed",
        "time" : {
          "start" : 1671601907149,
          "stop" : 1671601909599,
          "duration" : 2450
        },
        "flaky" : false,
        "parameters" : [ ]
      } ],
      "uid" : "57b4a90b71c7fcc2f1745a3b7b83f5bc"
    }, {
      "name" : "BaiduWebCityMapTest",
      "children" : [ {
        "name" : "test_cityMap",
        "uid" : "71b8f912b20df68f",
        "parentUid" : "2e94921a808ba0722e82f124fb136533",
        "status" : "passed",
        "time" : {
          "start" : 1671601909614,
          "stop" : 1671601910018,
          "duration" : 404
        },
        "flaky" : false,
        "parameters" : [ ]
      } ],
      "uid" : "2e94921a808ba0722e82f124fb136533"
    }, {
      "name" : "BaiduWebSetTest",
      "children" : [ {
        "name" : "test_setOptions03",
        "uid" : "92c03e5db3f61396",
        "parentUid" : "1d54b8277b42fb69303b263897522bbf",
        "status" : "passed",
        "time" : {
          "start" : 1671601910027,
          "stop" : 1671601910721,
          "duration" : 694
        },
        "flaky" : false,
        "parameters" : [ ]
      } ],
      "uid" : "1d54b8277b42fb69303b263897522bbf"
    } ],
    "uid" : "com.test.api.testcase.UiAndintreF"
  } ]
}