{
  "uid" : "98d3104e051c652961429bf95fa0b5d6",
  "name" : "suites",
  "children" : [ {
    "name" : "All Test Suite",
    "children" : [ {
      "name" : "groupBaiDuUi",
      "children" : [ {
        "name" : "com.test.api.testcase.UiAndintreF.BaiduWebSearchHaoTest",
        "children" : [ {
          "name" : "hao123",
          "uid" : "2a4efad385c45a72",
          "parentUid" : "f53654d72cbdadb3e6d189fddbf17a95",
          "status" : "passed",
          "time" : {
            "start" : 1671601901072,
            "stop" : 1671601906823,
            "duration" : 5751
          },
          "flaky" : false,
          "parameters" : [ ]
        } ],
        "uid" : "f53654d72cbdadb3e6d189fddbf17a95"
      }, {
        "name" : "com.test.api.testcase.UiAndintreF.BaiduWebNewsTest",
        "children" : [ {
          "name" : "新闻",
          "uid" : "a2b3dbce36ad34d5",
          "parentUid" : "8f47ef28195d0d7304a7a90db09e8f3f",
          "status" : "passed",
          "time" : {
            "start" : 1671601907149,
            "stop" : 1671601909599,
            "duration" : 2450
          },
          "flaky" : false,
          "parameters" : [ ]
        } ],
        "uid" : "8f47ef28195d0d7304a7a90db09e8f3f"
      }, {
        "name" : "com.test.api.testcase.UiAndintreF.BaiduWebCityMapTest",
        "children" : [ {
          "name" : "地图",
          "uid" : "71b8f912b20df68f",
          "parentUid" : "2e67fee6cd2413f569cfb6c89855600e",
          "status" : "passed",
          "time" : {
            "start" : 1671601909614,
            "stop" : 1671601910018,
            "duration" : 404
          },
          "flaky" : false,
          "parameters" : [ ]
        } ],
        "uid" : "2e67fee6cd2413f569cfb6c89855600e"
      }, {
        "name" : "com.test.api.testcase.UiAndintreF.BaiduWebSetTest",
        "children" : [ {
          "name" : "设置-搜索设置",
          "uid" : "92c03e5db3f61396",
          "parentUid" : "36dab35a078ed9d583db36b07cf19bcd",
          "status" : "passed",
          "time" : {
            "start" : 1671601910027,
            "stop" : 1671601910721,
            "duration" : 694
          },
          "flaky" : false,
          "parameters" : [ ]
        } ],
        "uid" : "36dab35a078ed9d583db36b07cf19bcd"
      } ],
      "uid" : "ca36a4264f946b67c8cc547ae66ab2b7"
    } ],
    "uid" : "7d0421919ebcae780c955830177c9415"
  } ]
}