{
  "uid" : "ab17fc5a4eb3bca4b216b548c7f9fcbc",
  "name" : "timeline",
  "children" : [ {
    "name" : "DESKTOP-6G7QALM",
    "children" : [ {
      "name" : "11336@DESKTOP-6G7QALM.TestNG-tests-1(14)",
      "children" : [ {
        "name" : "hao123",
        "uid" : "2a4efad385c45a72",
        "parentUid" : "b7eb5c28c3be688d04fcfcfacea83edc",
        "status" : "passed",
        "time" : {
          "start" : 1671601901072,
          "stop" : 1671601906823,
          "duration" : 5751
        },
        "flaky" : false,
        "parameters" : [ ]
      }, {
        "name" : "设置-搜索设置",
        "uid" : "92c03e5db3f61396",
        "parentUid" : "b7eb5c28c3be688d04fcfcfacea83edc",
        "status" : "passed",
        "time" : {
          "start" : 1671601910027,
          "stop" : 1671601910721,
          "duration" : 694
        },
        "flaky" : false,
        "parameters" : [ ]
      }, {
        "name" : "新闻",
        "uid" : "a2b3dbce36ad34d5",
        "parentUid" : "b7eb5c28c3be688d04fcfcfacea83edc",
        "status" : "passed",
        "time" : {
          "start" : 1671601907149,
          "stop" : 1671601909599,
          "duration" : 2450
        },
        "flaky" : false,
        "parameters" : [ ]
      }, {
        "name" : "地图",
        "uid" : "71b8f912b20df68f",
        "parentUid" : "b7eb5c28c3be688d04fcfcfacea83edc",
        "status" : "passed",
        "time" : {
          "start" : 1671601909614,
          "stop" : 1671601910018,
          "duration" : 404
        },
        "flaky" : false,
        "parameters" : [ ]
      } ],
      "uid" : "b7eb5c28c3be688d04fcfcfacea83edc"
    } ],
    "uid" : "ab6866a085c5927bb8b1e256800464b7"
  } ]
}