[ {
  "uid" : "a2b3dbce36ad34d5",
  "name" : "新闻",
  "time" : {
    "start" : 1671601907149,
    "stop" : 1671601909599,
    "duration" : 2450
  },
  "status" : "passed",
  "severity" : "normal"
}, {
  "uid" : "2a4efad385c45a72",
  "name" : "hao123",
  "time" : {
    "start" : 1671601901072,
    "stop" : 1671601906823,
    "duration" : 5751
  },
  "status" : "passed",
  "severity" : "normal"
}, {
  "uid" : "71b8f912b20df68f",
  "name" : "地图",
  "time" : {
    "start" : 1671601909614,
    "stop" : 1671601910018,
    "duration" : 404
  },
  "status" : "passed",
  "severity" : "normal"
}, {
  "uid" : "92c03e5db3f61396",
  "name" : "设置-搜索设置",
  "time" : {
    "start" : 1671601910027,
    "stop" : 1671601910721,
    "duration" : 694
  },
  "status" : "passed",
  "severity" : "normal"
} ]