{
  "b906182d2099fb2f6d7bf0d881930fd6" : {
    "statistic" : {
      "failed" : 0,
      "broken" : 0,
      "skipped" : 0,
      "passed" : 1,
      "unknown" : 0,
      "total" : 1
    },
    "items" : [ {
      "uid" : "92c03e5db3f61396",
      "status" : "passed",
      "time" : {
        "start" : 1671601910027,
        "stop" : 1671601910721,
        "duration" : 694
      }
    } ]
  },
  "84996b2612bc6f20eaa156618faf389e" : {
    "statistic" : {
      "failed" : 0,
      "broken" : 0,
      "skipped" : 0,
      "passed" : 1,
      "unknown" : 0,
      "total" : 1
    },
    "items" : [ {
      "uid" : "2a4efad385c45a72",
      "status" : "passed",
      "time" : {
        "start" : 1671601901072,
        "stop" : 1671601906823,
        "duration" : 5751
      }
    } ]
  },
  "61bf81cdac5e476abdf110ae9760cdea" : {
    "statistic" : {
      "failed" : 0,
      "broken" : 0,
      "skipped" : 0,
      "passed" : 1,
      "unknown" : 0,
      "total" : 1
    },
    "items" : [ {
      "uid" : "71b8f912b20df68f",
      "status" : "passed",
      "time" : {
        "start" : 1671601909614,
        "stop" : 1671601910018,
        "duration" : 404
      }
    } ]
  },
  "75d01b8086e2d724aee209c49d0ce144" : {
    "statistic" : {
      "failed" : 0,
      "broken" : 0,
      "skipped" : 0,
      "passed" : 1,
      "unknown" : 0,
      "total" : 1
    },
    "items" : [ {
      "uid" : "a2b3dbce36ad34d5",
      "status" : "passed",
      "time" : {
        "start" : 1671601907149,
        "stop" : 1671601909599,
        "duration" : 2450
      }
    } ]
  }
}